{
    "avg_prec": 0.01844402400722905,
    "roc_auc": 0.49958306192719554
}