{
    "avg_prec": 0.02166502503555449,
    "roc_auc": 0.48700271545701407
}